"id_salarié","Ancienneté_an","Distance domicile/Travail","Service","Work_accident","Niveau de satisfaction","Tranche d'ancienneté","Contrat","Durée hebdo","Salaire base mensuel","%variable_moyen","Augmentation","Promotion","Salaire total","Salaire 35h","Tranche de salaire","Sexe","Etat Civil","Enfants","Tranche d'âge","F","H"
"9d4a997800e9a7a78647d3aa11a965e5f30d3472",22.5,69,"Consultant","Non",60,"entre 20 et 25 ans","CDI",35,9873.5,13,0,0,9972.365,9972.365,"Plus de 9500","F","Marié",3,"40 à 50 ans",1,0
"f9e04c6411688b86040d3d14bd4aa93a199ca0e5",10.8,32,"Consultant","Non",39,"entre 10 et 15 ans","CDI",35,4296.7167,39,0,1,4340.073867,4340.073867,"3500 à 4500","H","Célibataire",0,"Plus de 60 ans",0,1
"250e5ccbb53c5bfef5744e11935d11eb1b676231",13,68,"RH","Oui",62,"entre 10 et 15 ans","CDI",35,3705.2167,29,1,1,3742.5588669999997,3742.5588669999997,"3500 à 4500","F","Inconnu",1,"50 à 60 ans",1,0
"e8404bd632c744af72cb5ba2e539699a0bbe9779",21.7,59,"Consultant","Non",98,"entre 20 et 25 ans","CDI",35,1697.15,17,1,0,1714.2915,1714.2915,"1500 à 2500","H","Marié",3,"50 à 60 ans",0,1
"8d884bf1eb58fcf068806fa32259484fd239e0cb",3.3,15,"R&D","Oui",81,"entre 2 et 5 ans","CDD",35,2848.3,15,1,0,2876.933,2876.933,"2500 à 3500","H","Inconnu",0,"30 à 40 ans",0,1
"d4f44624676005c53feab8151f228e4a4a4b42f5",10.5,6,"Commercial","Non",47,"entre 10 et 15 ans","CDI",35,5464.55,34,0,0,5519.5355,5519.5355,"5500 à 6500","H","Inconnu",0,"50 à 60 ans",0,1
"5739c0f4fa50e020e0d46191407d9abb0f0e7301",17.8,56,"Marketing","Oui",34,"entre 15 et 20 ans","CDI",35,9999.3833,27,0,1,10099.647133,10099.647133,"Plus de 9500","H","Célibataire",0,"40 à 50 ans",0,1
"5529b7c64a159dfe675e7e68e6ee03ba901e95e2",8.2,43,"RH","Oui",48,"entre 5 et 10 ans","CDI",24,3116.88,37,0,1,3148.4188,4591.444083333333,"2500 à 3500","F","Inconnu",3,"Plus de 60 ans",1,0
"d604ae9ee57bfb9854cee43707e01f0790b0d3fd",7.5,60,"Marketing","Non",25,"entre 5 et 10 ans","CDI",24,5462.08,39,0,1,5517.0908,8045.757416666666,"5500 à 6500","H","Célibataire",2,"30 à 40 ans",0,1
"5fe42cbf160e758f4b9bf2828397c9ca7ca74729",18.9,69,"Compta Finances","Oui",89,"entre 15 et 20 ans","CDI",35,2769.4333,33,0,0,2797.457633,2797.457633,"2500 à 3500","H","Inconnu",2,"40 à 50 ans",0,1
"ad02cf41885990e2d8aff989d793e0b4edbf1101",5.9,70,"RH","Oui",7,"entre 5 et 10 ans","CDI",35,5522.1833,9,1,1,5577.495132999999,5577.495132999999,"5500 à 6500","F","Inconnu",2,"Plus de 60 ans",1,0
"b0d5ebdaa2bfbb6187e30168c6f7350073fcb054",20.2,53,"Consultant","Non",24,"entre 20 et 25 ans","CDI",35,7308.8167,12,0,1,7382.024867,7382.024867,"6500 à 7500","F","Inconnu",3,"40 à 50 ans",1,0
"47dd62bc0222db5ff7966e00c1216c5b46d037d1",22.4,64,"Commercial","Non",15,"entre 20 et 25 ans","CDI",24,5895.76,23,1,1,5954.9476,8684.298583333335,"5500 à 6500","F","Inconnu",3,"50 à 60 ans",1,0
"f342974530e320276792650badfd378efde7c48c",20,8,"R&D","Non",31,"entre 20 et 25 ans","CDI",35,7081.3167,26,0,1,7152.389867,7152.389867,"6500 à 7500","H","Marié",0,"50 à 60 ans",0,1
"16903481d5bb069e1a81ddf70a0c3b6e60e13b69",13.1,27,"Commercial","Oui",56,"entre 10 et 15 ans","CDI",35,6195.5833,23,0,1,6257.769133,6257.769133,"5500 à 6500","H","Célibataire",1,"50 à 60 ans",0,1
"20a3005abfd34c8bb1415e4eaf2a139044971846",23.3,9,"Marketing","Non",81,"entre 20 et 25 ans","CDI",35,5517.6333,23,1,1,5573.039633,5573.039633,"5500 à 6500","H","Marié",1,"50 à 60 ans",0,1
"af9250c6ccbdc5f06383fa38df216efaf6d9043a",15.2,31,"R&D","Non",35,"entre 15 et 20 ans","CDI",35,8458.45,1,0,0,8543.0445,8543.0445,"8500 à 9500","H","Célibataire",2,"40 à 50 ans",0,1
"f4ab42db0325afbd321ffdd06be6866dc12f1193",3.2,15,"Consultant","Oui",60,"entre 2 et 5 ans","CDI",35,2132.4333,18,1,1,2153.937633,2153.937633,"1500 à 2500","F","Célibataire",3,"50 à 60 ans",1,0
"98ddf3c5edddeb6a06ac6a7a9c52f71d660d21af",25,58,"Consultant","Non",19,"entre 20 et 25 ans","CDI",35,3097.0333,13,0,0,3128.133633,3128.133633,"2500 à 3500","F","Célibataire",1,"Plus de 60 ans",1,0
"d2401c6affd6c98bb39df72da6b0c707bc248715",16.3,28,"Compta Finances","Oui",32,"entre 15 et 20 ans","CDI",35,8218.8167,14,0,1,8301.144866999999,8301.144866999999,"7500 à 8500","F","Célibataire",2,"Plus de 60 ans",1,0
"ce7a8bf2456f10ad6437bf3be50654975a5335a6",8.4,17,"Consultant","Oui",51,"entre 5 et 10 ans","CDI",35,5388.7167,30,1,0,5442.903867,5442.903867,"4500 à 5500","F","Célibataire",1,"50 à 60 ans",1,0
"dba551140de6234106439e18295700fa23a0c2cd",12.2,28,"Consultant","Oui",45,"entre 10 et 15 ans","CDI",35,1873.0833,27,0,0,1892.084133,1892.084133,"1500 à 2500","H","Inconnu",1,"50 à 60 ans",0,1
"55dbfbe67dc5d1409c9a4b8910443c2eb92180dc",15.8,46,"Commercial","Oui",60,"entre 15 et 20 ans","CDI",35,4152.6333,7,1,1,4194.229633000001,4194.229633000001,"3500 à 4500","F","Marié",0,"50 à 60 ans",1,0
"28ba01d852d817a1d8527f3e98cad94eadc9a01d",5.8,44,"R&D","Oui",8,"entre 5 et 10 ans","CDI",35,9096.9667,21,0,1,9188.146367000001,9188.146367000001,"8500 à 9500","H","Célibataire",3,"Plus de 60 ans",0,1
"258bf03425cc92ecbdd7b7139d1a044668f2d259",15.6,65,"Marketing","Oui",64,"entre 15 et 20 ans","CDI",35,7264.8333,31,0,1,7337.791633,7337.791633,"6500 à 7500","H","Célibataire",2,"Plus de 60 ans",0,1
"82b739e3bff73e89b0b58c73a46441769e761041",5.3,60,"Compta Finances","Oui",12,"entre 5 et 10 ans","CDI",35,2052.05,13,1,1,2072.7005000000004,2072.7005000000004,"1500 à 2500","F","Célibataire",0,"30 à 40 ans",1,0
"7e2da85e962b268066638fd391f1cf1c2769fd25",1.3,43,"Consultant","Oui",6,"moins de 2 ans","CDD",32,2496,21,0.5186721991701245,0.5186721991701245,2521.17,2757.5296875,"2500 à 3500","F","Célibataire",0,"50 à 60 ans",1,0
"3fb0d91f4b2d6a63b9f7da44cc94c5a009b213cd",9.2,44,"RH","Oui",88,"entre 5 et 10 ans","CDI",35,2767.9167,6,1,0,2795.6558670000004,2795.6558670000004,"2500 à 3500","H","Inconnu",3,"Plus de 60 ans",0,1
"58c8a1f1d5708369c145492ad6a7bc76a60bbcc1",3.1,13,"RH","Non",65,"entre 2 et 5 ans","CDI",35,3486.8167,19,0,1,3521.874867,3521.874867,"3500 à 4500","H","Célibataire",2,"30 à 40 ans",0,1
"6bfe08b5a976a996ffe21cd19c848b8ebf1ad587",10.3,11,"Consultant","Oui",87,"entre 10 et 15 ans","CDI",24,1709.76,10,1,1,1726.9576,2518.4798333333333,"1500 à 2500","H","Marié",0,"50 à 60 ans",0,1
"d6e922b7aa5b28b558c3d5c7623c1d0525eff2c2",6.8,18,"Commercial","Oui",67,"entre 5 et 10 ans","CDI",35,3165.2833,0,0,1,3196.936133,3196.936133,"2500 à 3500","F","Marié",2,"Plus de 60 ans",1,0
"c905d9ed01eadc6fdcf8c756d6b1dad7fba5c688",22.8,38,"Marketing","Oui",70,"entre 20 et 25 ans","CDI",35,6002.9667,2,1,1,6063.016367,6063.016367,"5500 à 6500","H","Marié",1,"50 à 60 ans",0,1
"ab272f026c7139bc4878cc7e88309e8bf407746a",8.2,13,"Marketing","Oui",22,"entre 5 et 10 ans","CDI",35,2998.45,21,1,1,3028.6445,3028.6445,"2500 à 3500","H","Célibataire",3,"30 à 40 ans",0,1
"0e6037111823a7e4754186a204f6e02fdfac1992",24,60,"RH","Oui",92,"entre 20 et 25 ans","CDI",35,3508.05,11,0,1,3543.2405000000003,3543.2405000000003,"3500 à 4500","H","Célibataire",2,"50 à 60 ans",0,1
"976eabe1b6ccac86fec6eac4a0cfdf70a48ad7aa",24.4,8,"Consultant","Non",36,"entre 20 et 25 ans","CDI",35,3232.0167,35,0,0,3264.6868670000003,3264.6868670000003,"2500 à 3500","H","Marié",1,"40 à 50 ans",0,1
"dee7aa85819602e5b5a071ce34cef00c22d36649",23.7,38,"Consultant","Oui",15,"entre 20 et 25 ans","CDI",28,1851.5467,19,0,1,1870.252167,2337.8152087500002,"1500 à 2500","H","Célibataire",0,"50 à 60 ans",0,1
"eaad4b19ba3cc56e9806f86b523eb6451fa42246",15.7,45,"RH","Non",80,"entre 15 et 20 ans","CDI",35,5359.9,4,1,0,5413.539,5413.539,"4500 à 5500","H","Inconnu",1,"Plus de 60 ans",0,1
"309e7e16e5a3cc72d4222b8da5a9022c1c49066c",18.4,64,"Commercial","Non",11,"entre 15 et 20 ans","CDI",35,9069.6667,1,0,0,9160.373367,9160.373367,"8500 à 9500","H","Marié",2,"40 à 50 ans",0,1
"4abfea0be18dc6ac07cc3898e4b22d9c2e02a468",6,67,"Compta Finances","Oui",70,"entre 5 et 10 ans","CDI",35,7377.0667,17,1,1,7451.007367,7451.007367,"6500 à 7500","F","Inconnu",1,"Plus de 60 ans",1,0
"d855e62931292cf2fefbd616002722d910aae40f",3.7,26,"RH","Oui",6,"entre 2 et 5 ans","CDI",35,7157.15,3,0,0,7228.751499999999,7228.751499999999,"6500 à 7500","F","Célibataire",0,"40 à 50 ans",1,0
"d99edefef7cd710faa0e70206b5707d69e552c80",15.6,24,"Commercial","Non",80,"entre 15 et 20 ans","CDI",35,8714.7667,37,1,0,8802.284367,8802.284367,"8500 à 9500","H","Marié",0,"Plus de 60 ans",0,1
"8996a0ee966140a10318936cc5da951143c11c02",9.3,45,"Consultant","Non",95,"entre 5 et 10 ans","CDI",35,2070.25,24,0,0,2091.1925,2091.1925,"1500 à 2500","F","Inconnu",2,"30 à 40 ans",1,0
"72ffdfd7472ad9f0316430b264b5f4534c954381",15.7,29,"Compta Finances","Non",70,"entre 15 et 20 ans","CDI",35,8073.2167,38,1,1,8154.328867,8154.328867,"7500 à 8500","H","Inconnu",3,"50 à 60 ans",0,1
"bf326c1dfe5de0d6be76339360a58e51a4e492be",17.1,43,"Consultant","Non",69,"entre 15 et 20 ans","CDI",35,1651.65,18,0,0,1668.3465,1668.3465,"1500 à 2500","H","Inconnu",0,"40 à 50 ans",0,1
"e3c51898a0004ac52d99424dcffd18f25945e4b9",17.4,42,"Consultant","Oui",90,"entre 15 et 20 ans","CDI",35,4516.6333,34,1,0,4562.139633000001,4562.139633000001,"4500 à 5500","F","Inconnu",1,"50 à 60 ans",1,0
"cd941aad3699638fd94c13c1b48498110cb888cb",17.2,11,"Compta Finances","Oui",56,"entre 15 et 20 ans","CDI",35,3383.6833,23,0,0,3417.750133,3417.750133,"2500 à 3500","H","Célibataire",2,"50 à 60 ans",0,1
"76d69ad6e56fc3da7b10f1111c09357502fc8789",1.4,42,"Consultant","Non",18,"moins de 2 ans","CDD",35,3168.3167,10,0.5186721991701245,0.5186721991701245,3200.099867,3200.099867,"2500 à 3500","F","Marié",3,"50 à 60 ans",1,0
"0cbf96cf0a4dd49572b1eeec346fadfc58b0fa10",5.8,59,"RH","Oui",46,"entre 5 et 10 ans","CDI",35,4499.95,22,1,0,4545.1695,4545.1695,"4500 à 5500","H","Marié",1,"50 à 60 ans",0,1
"89a0d49ae935218339bd4dd2dfd94822623674d3",1.4,67,"Marketing","Non",19,"moins de 2 ans","CDD",35,1989.8667,5,0.5186721991701245,0.5186721991701245,2009.8153670000002,2009.815367,"1500 à 2500","H","Inconnu",0,"40 à 50 ans",0,1
"39ceceb9ce770ab9da308d7ac0c530ac4fff124a",2.5,55,"Marketing","Non",67,"entre 2 et 5 ans","CDI",35,1863.9833,12,1,1,1882.7431330000002,1882.743133,"1500 à 2500","F","Célibataire",3,"30 à 40 ans",1,0
"e72f5a8d0d3c03ef1da4739c3074666d7f955ef2",9.1,46,"R&D","Oui",74,"entre 5 et 10 ans","CDI",35,9366.9333,8,1,1,9460.682633,9460.682633,"8500 à 9500","F","Inconnu",1,"50 à 60 ans",1,0
"0e36f95ad491b0262bce869ada8a276bef8c545b",23.9,37,"Marketing","Non",1,"entre 20 et 25 ans","CDI",24,6842.16,21,1,1,6910.7916,10078.237749999998,"6500 à 7500","H","Célibataire",1,"Plus de 60 ans",0,1
"8cb0495a8f15ad62e8531f8cf8c0ead7dff09d84",1.7,60,"Commercial","Oui",58,"moins de 2 ans","CDD",35,3185,3,0.5186721991701245,0.5186721991701245,3216.88,3216.88,"2500 à 3500","F","Marié",3,"50 à 60 ans",1,0
"f44db2d9050315ad68a45ea87e575d3eb6f46c4d",22.4,48,"Marketing","Non",81,"entre 20 et 25 ans","CDI",35,3582.3667,30,1,1,3618.490367,3618.490367,"3500 à 4500","H","Marié",2,"50 à 60 ans",0,1
"6b8e5006b30b390bf28619d1e9fe35c670b45665",8.2,25,"Compta Finances","Non",17,"entre 5 et 10 ans","CDI",35,1833.65,8,0,1,1852.0665000000001,1852.0665000000001,"1500 à 2500","H","Marié",3,"Plus de 60 ans",0,1
"ab1daf67887654f9f6c597c80f4f113b84816a06",4.2,40,"R&D","Oui",4,"entre 2 et 5 ans","CDI",35,6356.35,26,1,0,6420.173500000001,6420.173500000001,"5500 à 6500","F","Marié",1,"40 à 50 ans",1,0
"28400d70dcca440de63e62b2e18de22d3b269350",0.4,17,"Consultant","Oui",24,"moins de 2 ans","CDD",35,3033.3333,8,0.5186721991701245,0.5186721991701245,3063.7466329999997,3063.7466329999997,"2500 à 3500","F","Marié",2,"Plus de 60 ans",1,0
"884b6e651d7f760167753f43b260d312c60ee1f8",3.8,30,"Consultant","Non",77,"entre 2 et 5 ans","CDI",35,7672.8167,37,1,1,7749.914867,7749.914867,"7500 à 8500","F","Marié",3,"40 à 50 ans",1,0
"e1e68762da96b880d2061d25fa243e109c333447",6.3,17,"Consultant","Oui",30,"entre 5 et 10 ans","CDI",24,1110.72,14,1,1,1121.9672,1636.2021666666667,"moins de 1500","H","Inconnu",0,"50 à 60 ans",0,1
"1bc8c984e87baa5419244cd6187757802c5d0e12",7.3,9,"Consultant","Oui",51,"entre 5 et 10 ans","CDI",24,5448.56,30,0,1,5503.345600000001,8025.712333333334,"5500 à 6500","H","Inconnu",3,"50 à 60 ans",0,1
"cb5abed340ad97dda3da2be80efd084c95f96862",19,3,"Compta Finances","Non",15,"entre 15 et 20 ans","CDI",35,1835.1667,6,0,1,1853.578367,1853.578367,"1500 à 2500","H","Inconnu",1,"40 à 50 ans",0,1
"2308d94e862c3966dbc9bf72e4c5dc1f1d510e3d",10.3,31,"Compta Finances","Non",32,"entre 10 et 15 ans","CDI",35,8056.5333,13,0,1,8137.228633,8137.228633,"7500 à 8500","F","Inconnu",1,"Plus de 60 ans",1,0
"1c8ffc391d3fbde5293e032abe0fc2b8ac2cde5d",7.4,62,"Consultant","Oui",72,"entre 5 et 10 ans","CDI",35,9737,12,1,1,9834.49,9834.49,"Plus de 9500","H","Marié",1,"50 à 60 ans",0,1
"eadd063ed79083885170ff24077136ffc8a58440",23.9,47,"Commercial","Oui",86,"entre 20 et 25 ans","CDI",35,5581.3333,20,1,0,5637.346633,5637.346633,"5500 à 6500","F","Inconnu",1,"40 à 50 ans",1,0
"85866504548b47f344c16cfa4e31cd8e963a3cbd",16.2,66,"RH","Non",46,"entre 15 et 20 ans","CDI",35,5056.5667,24,1,1,5107.372367,5107.372367,"4500 à 5500","F","Inconnu",2,"30 à 40 ans",1,0
"4cf5e2988d3dbf834a7ecafa64414cf3b41c00af",10.7,30,"RH","Oui",1,"entre 10 et 15 ans","CDI",35,9039.3333,20,1,1,9129.926633000001,9129.926633000001,"8500 à 9500","H","Marié",0,"30 à 40 ans",0,1
"0bf46e7712a6a3bbe35f4bd45883c4545e2b6d75",1.9,15,"Commercial","Oui",76,"moins de 2 ans","CDD",35,2881.6667,27,0.5186721991701245,0.5186721991701245,2910.7533670000003,2910.7533670000003,"2500 à 3500","F","Célibataire",1,"50 à 60 ans",1,0
"27f48e2497fe93ae6b6267cce1b974f42f1dfe61",9.7,30,"RH","Non",29,"entre 5 et 10 ans","CDI",35,6175.8667,38,0,1,6238.005367,6238.005367,"5500 à 6500","H","Célibataire",0,"30 à 40 ans",0,1
"882927fa41b3cbd6e3e7e0e34933ce140da77c14",0.6,14,"Marketing","Oui",70,"moins de 2 ans","CDD",35,2426.6667,21,0.5186721991701245,0.5186721991701245,2451.143367,2451.143367,"1500 à 2500","F","Marié",1,"50 à 60 ans",1,0
"c50e89cd3e75a3e3dc57c6c4fc563e7c22be0f06",23,3,"Compta Finances","Oui",65,"entre 20 et 25 ans","CDI",35,7898.8,35,0,1,7978.138,7978.138000000001,"7500 à 8500","F","Marié",1,"Plus de 60 ans",1,0
"bb7fc9c484f25b3039e82377922166a48b32f629",21.1,61,"Consultant","Oui",1,"entre 20 et 25 ans","CDI",35,9447.3167,0,1,1,9541.789867,9541.789867,"Plus de 9500","H","Célibataire",2,"50 à 60 ans",0,1
"52cd3d04030f082d6ae10d0f3ebcae80db71007e",21.6,14,"Commercial","Oui",62,"entre 20 et 25 ans","CDI",35,2396.3333,11,0,1,2420.4066329999996,2420.4066329999996,"1500 à 2500","H","Marié",2,"50 à 60 ans",0,1
"63cd301c731da482119180c188857e9e59232001",8.3,50,"R&D","Non",93,"entre 5 et 10 ans","CDI",35,8716.2833,20,0,0,8803.646132999998,8803.646132999998,"8500 à 9500","H","Marié",1,"30 à 40 ans",0,1
"200417c3f1e0670ac617f13cf997a0e5e6f33357",16.2,21,"Consultant","Oui",3,"entre 15 et 20 ans","CDI",35,2731.5167,4,1,1,2758.8718670000003,2758.8718670000003,"2500 à 3500","F","Marié",2,"50 à 60 ans",1,0
"f874c38839ce2ae65f2dce862a1e30b213ae80c6",10.8,27,"Commercial","Oui",78,"entre 10 et 15 ans","CDI",35,7942.7833,38,1,0,8022.591133,8022.591133,"7500 à 8500","F","Célibataire",3,"50 à 60 ans",1,0
"1105782d553929679494642a0cf102a514988c39",6.5,68,"Consultant","Oui",89,"entre 5 et 10 ans","CDI",35,7178.3833,38,1,0,7250.547133,7250.547133,"6500 à 7500","H","Célibataire",2,"30 à 40 ans",0,1
"f06a48e9367c2d7b83b76aef2d4229699f643b20",15.7,48,"Consultant","Non",50,"entre 15 et 20 ans","CDI",35,5585.8833,17,1,0,5641.912133000001,5641.912133000001,"5500 à 6500","F","Marié",1,"30 à 40 ans",1,0
"a155e97b88ab00495ecf67f8259c8864e94c75f8",20.4,55,"RH","Non",78,"entre 20 et 25 ans","CDI",35,8277.9667,10,0,0,8360.846367,8360.846367,"7500 à 8500","H","Marié",0,"40 à 50 ans",0,1
"c56443b10164f45a841f2aa5139b9501eb3b9808",12.8,20,"Commercial","Oui",52,"entre 10 et 15 ans","CDI",35,2369.0333,20,0,0,2392.923633,2392.923633,"1500 à 2500","F","Inconnu",1,"40 à 50 ans",1,0
"863770027d06ab305512b66c32fc67e42c5f1f00",20.6,13,"Marketing","Oui",99,"entre 20 et 25 ans","CDI",35,3462.55,3,1,0,3497.2055,3497.2055,"2500 à 3500","H","Inconnu",0,"40 à 50 ans",0,1
"331b337142273be88be6c53b427aa9f54269d0e2",9.2,21,"Commercial","Oui",79,"entre 5 et 10 ans","CDI",35,2511.6,21,0,1,2536.926,2536.926,"2500 à 3500","H","Marié",2,"40 à 50 ans",0,1
"1b8a23c36bc2ab6b2bd663e9453e5cbabb88ccf4",20.1,12,"Consultant","Non",25,"entre 20 et 25 ans","CDI",35,9400.3,3,1,1,9494.332999999999,9494.332999999999,"8500 à 9500","H","Marié",1,"Plus de 60 ans",0,1
"2ea9383136f9738360328a3876335cf230fca62b",1.1,9,"Marketing","Oui",96,"moins de 2 ans","CDD",35,3640,6,0.5186721991701245,0.5186721991701245,3676.46,3676.46,"3500 à 4500","F","Inconnu",1,"50 à 60 ans",1,0
"60ab634de706092d8acfc4719bc0aaec82b7daa5",5.5,43,"Consultant","Non",47,"entre 5 et 10 ans","CDI",35,1774.5,16,1,1,1792.405,1792.405,"1500 à 2500","F","Inconnu",2,"50 à 60 ans",1,0
"5c8b6fc3eca83932197a3e7d570417f2794fc60f",16.8,60,"Marketing","Oui",38,"entre 15 et 20 ans","CDI",35,3597.5333,32,1,1,3633.828633,3633.828633,"3500 à 4500","F","Inconnu",2,"40 à 50 ans",1,0
"af95964bbe42536d62cd2842ff8b30ac080c178e",8.2,65,"Marketing","Oui",1,"entre 5 et 10 ans","CDI",24,5951.92,32,1,0,6011.7592,8767.148833333335,"5500 à 6500","F","Inconnu",0,"50 à 60 ans",1,0
"d213ff6d23562bf92d4bf9c4687a6e98ef69020c",0.8,8,"Compta Finances","Oui",45,"moins de 2 ans","CDD",35,3201.6833,38,0.5186721991701245,0.5186721991701245,3234.080133,3234.080133,"2500 à 3500","F","Célibataire",1,"30 à 40 ans",1,0
"a2792617a4fcc8f42c2e5986717289db09aef789",7.5,6,"RH","Non",90,"entre 5 et 10 ans","CDI",35,3335.15,28,1,0,3368.7815,3368.7815,"2500 à 3500","H","Marié",3,"Plus de 60 ans",0,1
"b3a4b111a84b8e5ccf5e4ef1028235566c932214",12,66,"Consultant","Oui",46,"entre 10 et 15 ans","CDI",35,4712.2833,26,1,1,4759.666133,4759.666133,"4500 à 5500","F","Célibataire",0,"40 à 50 ans",1,0
"986db6cc13728d1f34399fd7e755588874164e08",24.9,62,"Commercial","Non",17,"entre 20 et 25 ans","CDI",35,5984.7667,6,0,1,6044.6743670000005,6044.6743670000005,"5500 à 6500","H","Célibataire",3,"50 à 60 ans",0,1
"d6c48f429019a4119561b77cfe629edf13249d45",5.3,30,"Commercial","Oui",97,"entre 5 et 10 ans","CDI",35,2928.6833,33,1,1,2958.300133,2958.300133,"2500 à 3500","F","Marié",1,"Plus de 60 ans",1,0
"66e284b529be6c6152c81e86c9f8636975486588",9.7,28,"Consultant","Oui",39,"entre 5 et 10 ans","CDI",35,6301.75,34,0,1,6365.1075,6365.1075,"5500 à 6500","F","Inconnu",1,"Plus de 60 ans",1,0
"1586c3e77d82208ba52160ab7977647371ef3b99",19.3,23,"RH","Non",23,"entre 15 et 20 ans","CDI",35,3218.3667,27,1,0,3250.8203670000003,3250.8203670000003,"2500 à 3500","F","Marié",3,"50 à 60 ans",1,0
"887bd753bccc077c940070b4ec641424a5b53045",4.4,67,"Consultant","Oui",81,"entre 2 et 5 ans","CDI",35,1803.3167,8,1,0,1821.429867,1821.429867,"1500 à 2500","H","Célibataire",3,"30 à 40 ans",0,1
"e29bc5b373841ad32ef6bf9d38c222dec76daafc",12.7,16,"RH","Oui",84,"entre 10 et 15 ans","CDI",35,7263.3167,30,1,0,7336.249867,7336.249867,"6500 à 7500","H","Marié",3,"Plus de 60 ans",0,1
"742d7d9a434ef39ec919f4ab46cd9beea2312e0a",4.2,65,"Marketing","Oui",40,"entre 2 et 5 ans","CDI",35,2912,35,0,1,2941.47,2941.47,"2500 à 3500","F","Célibataire",2,"Plus de 60 ans",1,0
"cb7fe85aae78afd8c32dcbdf5870379b1c6a1269",7.1,38,"Consultant","Non",80,"entre 5 et 10 ans","CDI",35,6409.4333,21,0,1,6473.737633,6473.737633,"5500 à 6500","H","Inconnu",2,"50 à 60 ans",0,1
"486ef278fb39792ca96f7e36b3c2acf99bed1680",16.4,23,"Compta Finances","Non",44,"entre 15 et 20 ans","CDI",35,1772.9833,20,1,1,1790.913133,1790.913133,"1500 à 2500","H","Inconnu",3,"50 à 60 ans",0,1
"57c4e54b3e61b1d4215098c675aec3f8efc97187",17.3,45,"Commercial","Non",21,"entre 15 et 20 ans","CDI",35,6902.35,17,0,1,6971.543500000001,6971.543500000001,"6500 à 7500","F","Marié",3,"40 à 50 ans",1,0
"0e8777651db18e71935777d7dedd6e42c50539ba",5.6,7,"Consultant","Oui",33,"entre 5 et 10 ans","CDI",24,4795.44,19,0,1,4843.5844,7063.560583333333,"4500 à 5500","H","Inconnu",0,"30 à 40 ans",0,1
"84fe2ce9c801e9c1dbbb71c60139825cd47af9f0",20.4,9,"RH","Non",39,"entre 20 et 25 ans","CDI",35,3803.8,30,0,0,3842.1380000000004,3842.1380000000004,"3500 à 4500","H","Inconnu",1,"40 à 50 ans",0,1
"dc33f468efd2ed5bd2293b552cbb106cb186872b",11.7,43,"Consultant","Non",1,"entre 10 et 15 ans","CDI",35,3547.4833,39,1,0,3583.348133,3583.348133,"3500 à 4500","F","Célibataire",2,"40 à 50 ans",1,0
"c33f3a254470e279ca39ffcb61387f8abc718537",10.2,42,"Commercial","Non",98,"entre 10 et 15 ans","CDI",35,2916.55,35,1,1,2946.0655,2946.0655,"2500 à 3500","F","Célibataire",2,"40 à 50 ans",1,0
"9f6d1932646d5aa0803c5c51a25b13f40c57bc56",11.9,16,"Compta Finances","Non",68,"entre 10 et 15 ans","CDI",24,1059.76,1,0,1,1070.3676,1560.9527500000002,"moins de 1500","F","Marié",1,"40 à 50 ans",1,0
"c94363dae0e4991b335eb17809b41a05f8bc88ff",10,21,"Commercial","Oui",42,"entre 10 et 15 ans","CDI",35,7927.6167,32,1,0,8007.212866999999,8007.212866999999,"7500 à 8500","H","Célibataire",2,"50 à 60 ans",0,1
"956b6b92c97905b944c1387727ecab54cffc2ca7",5.2,34,"Compta Finances","Non",42,"entre 5 et 10 ans","CDI",35,8332.5667,12,0,0,8416.012367,8416.012367,"7500 à 8500","F","Inconnu",3,"40 à 50 ans",1,0
"a4505cb9faccf209eae20ab9fc571fd5f49aea58",22.3,37,"Marketing","Non",74,"entre 20 et 25 ans","CDI",35,4082.8667,28,0,1,4123.975367,4123.975367,"3500 à 4500","F","Marié",1,"40 à 50 ans",1,0
"d367ebbcbf72e01cbef3953cc44e35ec07989e4f",17.2,48,"Commercial","Oui",40,"entre 15 et 20 ans","CDI",35,9785.5333,28,0,1,9883.668633,9883.668633,"Plus de 9500","H","Célibataire",1,"40 à 50 ans",0,1
"3db76fc3922dceb74437aeebc951b3b59bf5d8e6",14.2,8,"Compta Finances","Non",28,"entre 10 et 15 ans","CDI",35,4421.0833,6,1,1,4465.354133,4465.354133,"3500 à 4500","H","Célibataire",3,"50 à 60 ans",0,1
"50a6d762f753c79a8ff77336d36f017f5333d13d",12.5,11,"Consultant","Non",69,"entre 10 et 15 ans","CDI",35,2843.75,2,0,0,2872.2075,2872.2075,"2500 à 3500","H","Marié",1,"50 à 60 ans",0,1
"60390d3a3b84050cc360386e2c996c37e021088b",21.5,55,"RH","Oui",87,"entre 20 et 25 ans","CDI",35,8563.1,7,0,0,8648.801,8648.801,"8500 à 9500","H","Marié",2,"40 à 50 ans",0,1
"c3da122d0628aa6561c14ff781c95701a55bfc91",22.2,37,"Compta Finances","Non",52,"entre 20 et 25 ans","CDI",35,4988.3167,8,0,0,5038.279867,5038.279867,"4500 à 5500","H","Inconnu",0,"50 à 60 ans",0,1
"b9eeb6a9830dbef8474912df906d0b2c0223384a",9.2,65,"Consultant","Oui",5,"entre 5 et 10 ans","CDI",28,7269.08,7,1,1,7341.8408,9177.301,"6500 à 7500","H","Marié",2,"50 à 60 ans",0,1
"f4f73fa46aa0e3f90a01951298536e58773573dd",12.4,41,"Marketing","Non",32,"entre 10 et 15 ans","CDI",35,1669.85,22,1,0,1686.7685,1686.7685,"1500 à 2500","H","Marié",0,"30 à 40 ans",0,1
"5500edd49694f0ef653b11b9843297acb9c12e36",23.2,29,"Commercial","Oui",39,"entre 20 et 25 ans","CDI",35,7098,1,1,1,7168.99,7168.99,"6500 à 7500","H","Célibataire",1,"50 à 60 ans",0,1
"9d1556b7750a3c2bea10cee52a22bb59946b2c52",22.8,67,"R&D","Oui",4,"entre 20 et 25 ans","CDI",35,6526.2167,36,0,1,6591.838867,6591.838867,"6500 à 7500","H","Inconnu",1,"Plus de 60 ans",0,1
"2fe653b3b7661558e6a22ae5551430e0e1725024",11.7,54,"Compta Finances","Oui",96,"entre 10 et 15 ans","CDI",35,8422.05,38,0,1,8506.6505,8506.6505,"8500 à 9500","F","Inconnu",0,"50 à 60 ans",1,0
"bea50ebbd7848f82f8115cd82a729d6c8b8b9107",6.3,29,"Commercial","Oui",14,"entre 5 et 10 ans","CDI",35,8337.1167,16,0,1,8420.647867,8420.647867,"7500 à 8500","H","Inconnu",0,"40 à 50 ans",0,1
"28267299060adf1bef412e7cbae67cf84ec85030",10.5,56,"Commercial","Non",13,"entre 10 et 15 ans","CDI",35,9777.95,4,1,0,9875.7695,9875.7695,"Plus de 9500","F","Marié",0,"40 à 50 ans",1,0
"9f6a1cf26ed0e98e646dd64bb563c847f7290cb4",22.6,47,"Commercial","Non",95,"entre 20 et 25 ans","CDI",35,3677.9167,33,0,0,3715.0258670000003,3715.0258670000003,"3500 à 4500","H","Marié",1,"40 à 50 ans",0,1
"60f9cf1abca93b7241ea518838b6ef0ff7c6c365",22.7,4,"Marketing","Non",45,"entre 20 et 25 ans","CDI",35,9940.2333,24,0,0,10039.875633,10039.875633,"Plus de 9500","H","Marié",0,"40 à 50 ans",0,1
"5c9f33e8b41b922f128acde09dfe4a1693453a45",23.5,14,"Consultant","Oui",66,"entre 20 et 25 ans","CDI",35,2777.0167,10,1,0,2804.886867,2804.886867,"2500 à 3500","H","Inconnu",1,"Plus de 60 ans",0,1
"d2d2001c70c2faf15ba2b444278f4f1eea8f2d3a",24.3,35,"Commercial","Non",47,"entre 20 et 25 ans","CDI",35,6818.9333,14,1,0,6887.262632999999,6887.262632999999,"6500 à 7500","F","Marié",2,"50 à 60 ans",1,0
"a2f4ac2b919d1e61a7f5ef0cc05a9724f4db030b",24.2,58,"Marketing","Non",29,"entre 20 et 25 ans","CDI",35,4424.1167,30,0,0,4468.657867,4468.657867,"3500 à 4500","F","Célibataire",3,"50 à 60 ans",1,0
"a44a8aaea1e67e0b65b159b2da4e937d8d532154",10,16,"RH","Oui",58,"entre 10 et 15 ans","CDI",35,9928.1,27,1,0,10027.651,10027.651,"Plus de 9500","H","Inconnu",3,"30 à 40 ans",0,1
"0adf1d69efc6f5567ee13216d6df31f3778338f1",1.8,6,"Compta Finances","Non",84,"moins de 2 ans","CDD",35,2123.3333,39,0.5186721991701245,0.5186721991701245,2144.956633,2144.956633,"1500 à 2500","F","Inconnu",1,"Plus de 60 ans",1,0
"8816354ee805e01aa462ec1425a21ba4569df4bc",15.7,69,"Compta Finances","Non",48,"entre 15 et 20 ans","CDI",35,4263.35,31,0,0,4306.293500000001,4306.293500000001,"3500 à 4500","H","Célibataire",0,"50 à 60 ans",0,1
"1834600ad55866ca0b8e687519c705c1a0e214f1",19.4,38,"Commercial","Non",44,"entre 15 et 20 ans","CDI",35,8629.8333,3,0,0,8716.161633,8716.161633,"8500 à 9500","F","Célibataire",0,"50 à 60 ans",1,0
"6c8379a9a83a42bff780d2a166ea106f42229e27",24.4,39,"R&D","Oui",32,"entre 20 et 25 ans","CDI",35,4663.75,5,0,1,4710.4375,4710.4375,"4500 à 5500","F","Célibataire",2,"Plus de 60 ans",1,0
"403b6a8bb019bee155e90f1a86c325c49354fc8b",20.6,64,"RH","Oui",11,"entre 20 et 25 ans","CDI",24,4851.6,14,0,0,4900.256,7146.206666666668,"4500 à 5500","F","Marié",0,"40 à 50 ans",1,0
"b05669dd11407e7ecce21289d68d66ed8d7dc9d6",5.9,23,"Marketing","Non",37,"entre 5 et 10 ans","CDI",35,5930.1667,33,0,0,5989.798366999999,5989.798366999999,"5500 à 6500","H","Marié",3,"40 à 50 ans",0,1
"38a4c634dbe9b8581d7f18d710d3473c70b6c1f3",21.9,55,"Commercial","Non",77,"entre 20 et 25 ans","CDI",35,7496.8833,6,1,0,7571.912133000001,7571.912133000001,"7500 à 8500","F","Marié",0,"40 à 50 ans",1,0
"7a4abf556fc4c9ee4e1e1fb7e65dd56c93bd686e",11.7,68,"RH","Oui",69,"entre 10 et 15 ans","CDI",35,8108.1,38,0,0,8189.561000000001,8189.561000000001,"7500 à 8500","F","Inconnu",1,"30 à 40 ans",1,0
"0375d8a3f5d2b1b9e278ae6d8d400a88ea5beb51",20.5,45,"Commercial","Oui",7,"entre 20 et 25 ans","CDI",35,6121.2667,32,0,0,6182.7993670000005,6182.7993670000005,"5500 à 6500","H","Inconnu",0,"40 à 50 ans",0,1
"bcff82647b50ab7b84d756cad41774b31a82a0f9",16.2,55,"Marketing","Oui",51,"entre 15 et 20 ans","CDI",35,4563.65,38,1,0,4609.666499999999,4609.666499999999,"4500 à 5500","F","Célibataire",1,"50 à 60 ans",1,0
"115c4ed9999151571940979004f527e6cd19e2e2",13,26,"Compta Finances","Oui",78,"entre 10 et 15 ans","CDI",35,9978.15,34,0,1,10078.271499999999,10078.271499999999,"Plus de 9500","H","Célibataire",0,"50 à 60 ans",0,1
"7262539869a7fb328772d068a136a29b5cb6c63c",10.2,35,"Marketing","Non",92,"entre 10 et 15 ans","CDI",35,4624.3167,15,0,0,4670.7098670000005,4670.7098670000005,"4500 à 5500","H","Marié",1,"40 à 50 ans",0,1
"c424207a9b5001a5abcfd8615b6ea0561da3154b",13.7,34,"Compta Finances","Oui",40,"entre 10 et 15 ans","CDI",35,2079.35,7,1,1,2100.2135,2100.2135,"1500 à 2500","F","Marié",0,"50 à 60 ans",1,0
"a134aabc1ba9b54a32a316c51335b6d9f37df849",13.2,44,"Consultant","Non",37,"entre 10 et 15 ans","CDI",24,2055.04,12,0,1,2075.7104,3027.0776666666666,"1500 à 2500","H","Inconnu",2,"Plus de 60 ans",0,1
"d47dd88859ad4323789c21d0872daf4256c6fc39",18.7,26,"Commercial","Oui",48,"entre 15 et 20 ans","CDI",35,9573.2,7,0,0,9669.002,9669.002,"Plus de 9500","H","Inconnu",1,"50 à 60 ans",0,1
"9e6ad535ab0b0955ea8f78ad17b634f284c7f29c",12.6,33,"Consultant","Oui",82,"entre 10 et 15 ans","CDI",35,4289.1333,12,0,1,4332.144633000001,4332.144633000001,"3500 à 4500","F","Marié",0,"Plus de 60 ans",1,0
"f8f1767d6188f525de4e7e210b651b094c779776",21.8,31,"Marketing","Oui",75,"entre 20 et 25 ans","CDI",35,8056.5333,14,0,0,8137.238633,8137.238632999999,"7500 à 8500","F","Inconnu",1,"50 à 60 ans",1,0
"8d93c5f917298e2f5afcd9a6c3cf850c7b0d683d",0.3,42,"Marketing","Non",25,"moins de 2 ans","CDD",35,3693.0833,24,0.5186721991701245,0.5186721991701245,3730.254133,3730.254133,"3500 à 4500","H","Marié",2,"40 à 50 ans",0,1
"41570b95767f5f39e3873cdde03efbddb3a45770",9.8,22,"RH","Non",77,"entre 5 et 10 ans","CDI",35,5106.6167,10,0,1,5157.782867,5157.782867,"4500 à 5500","F","Célibataire",3,"50 à 60 ans",1,0
"6c590ac849b6a1c6d333b928986143dac4de1f7e",1.2,12,"Consultant","Non",100,"moins de 2 ans","CDD",32,2357.3333,12,0.5186721991701245,0.5186721991701245,2381.026633,2604.24787984375,"1500 à 2500","H","Célibataire",1,"50 à 60 ans",0,1
"c3038f1f90f1ed922f3150b53e99c32bc006e595",17,28,"Commercial","Oui",42,"entre 15 et 20 ans","CDI",35,3260.8333,30,1,0,3293.7416329999996,3293.7416329999996,"2500 à 3500","F","Marié",1,"40 à 50 ans",1,0
"63e1f5e66ddc815ec892202bf4fb54031a169571",2.9,3,"Consultant","Non",2,"entre 2 et 5 ans","CDI",35,4449.9,33,1,1,4494.728999999999,4494.728999999999,"3500 à 4500","H","Marié",3,"50 à 60 ans",0,1
"46d79932c3044757841174eb13e7c85749e4dabe",22.2,28,"RH","Non",63,"entre 20 et 25 ans","CDI",35,7877.5667,36,1,0,7956.702367,7956.702366999999,"7500 à 8500","F","Inconnu",3,"50 à 60 ans",1,0
"9a3081ec4d134c852aa9eb8eb3d03f721ebb9a89",8.3,63,"Consultant","Non",50,"entre 5 et 10 ans","CDI",35,4281.55,13,1,0,4324.4955,4324.4955,"3500 à 4500","H","Marié",3,"40 à 50 ans",0,1
"45430de2dee508ad84b660fd980dff203e284244",22.8,62,"Consultant","Non",34,"entre 20 et 25 ans","CDI",35,4134.4333,22,0,0,4175.997633,4175.997633,"3500 à 4500","H","Célibataire",0,"40 à 50 ans",0,1
"4757d76267bf2fa4939b8282027de394480dd3ab",8.8,13,"Marketing","Non",25,"entre 5 et 10 ans","CDI",35,3256.2833,34,0,0,3289.186133,3289.186133,"2500 à 3500","F","Marié",3,"50 à 60 ans",1,0
"5cf3444b64ac599ce58ea9180ec45ecdee5c6b71",20.2,65,"Consultant","Oui",63,"entre 20 et 25 ans","CDI",35,6591.4333,19,0,0,6657.537633,6657.537633,"6500 à 7500","F","Célibataire",1,"Plus de 60 ans",1,0
"3670398a966656a792f68a27691d62a09f5464bd",8.7,60,"Compta Finances","Oui",26,"entre 5 et 10 ans","CDI",35,8696.5667,37,0,1,8783.902366999999,8783.902366999999,"8500 à 9500","H","Inconnu",3,"Plus de 60 ans",0,1
"51b12a4980358f58b89a52e6a6cdcf85502d7f33",21.1,5,"Consultant","Non",59,"entre 20 et 25 ans","CDI",35,2073.2833,28,0,1,2094.296133,2094.296133,"1500 à 2500","F","Célibataire",2,"40 à 50 ans",1,0
"b90e3acb879e1708abba486f48f00251d29fb8ca",9.3,35,"Consultant","Non",62,"entre 5 et 10 ans","CDI",28,5097.2133,10,1,0,5148.285433,6435.35679125,"4500 à 5500","H","Marié",0,"40 à 50 ans",0,1
"d6bb4ab29bcf567e4b292180af9d25ceaa014ede",7.5,70,"RH","Oui",86,"entre 5 et 10 ans","CDI",35,7710.7333,27,0,1,7788.110633,7788.110632999999,"7500 à 8500","H","Marié",2,"40 à 50 ans",0,1
"d4bd4fb6c155c8deb42ce7355763579465ef2db1",11.8,46,"RH","Non",49,"entre 10 et 15 ans","CDI",35,3882.6667,1,0,1,3921.5033670000003,3921.503367,"3500 à 4500","H","Marié",1,"30 à 40 ans",0,1
"e3ed16c22d680083c422406650628a9b29697e04",14.9,13,"RH","Oui",99,"entre 10 et 15 ans","CDI",35,3835.65,26,0,1,3874.2665,3874.2665,"3500 à 4500","F","Célibataire",3,"Plus de 60 ans",1,0
"0cc17b9b639e47f7fb3e6cb78b8c85bf293a2a3b",7.4,5,"Compta Finances","Non",84,"entre 5 et 10 ans","CDI",35,9256.2167,1,1,0,9348.788867000001,9348.788867000001,"8500 à 9500","F","Marié",1,"Plus de 60 ans",1,0
"58ae9194fe251a33c23e84768be8b71a0190420b",19,7,"Consultant","Oui",8,"entre 15 et 20 ans","CDI",35,5455.45,7,0,1,5510.0745,5510.0745,"5500 à 6500","H","Célibataire",3,"50 à 60 ans",0,1
"4dd962a732d591570afd7be8cc802e607a853e96",20,57,"Commercial","Oui",44,"entre 20 et 25 ans","CDI",35,8428.1167,18,1,0,8512.577867,8512.577867,"8500 à 9500","H","Célibataire",2,"50 à 60 ans",0,1
"1f2cc96d6a119fcd37321c48de5d7a14964a43ac",5.8,61,"Consultant","Oui",94,"entre 5 et 10 ans","CDI",35,5810.35,36,1,0,5868.8135,5868.8135,"5500 à 6500","H","Inconnu",1,"40 à 50 ans",0,1
"50cc28aaaf0d1599b533f655b93a924aab05503f",15.6,36,"Marketing","Non",37,"entre 15 et 20 ans","CDI",35,4022.2,14,0,1,4062.562,4062.5619999999994,"3500 à 4500","H","Marié",1,"Plus de 60 ans",0,1
"2c866e6b740b22e31567c129a855badd0a0ad7af",24,55,"RH","Oui",95,"entre 20 et 25 ans","CDI",35,5035.3333,24,0,1,5085.926633,5085.926633,"4500 à 5500","H","Marié",3,"Plus de 60 ans",0,1
"e5a003658fde87a286a27bf87c83de9f09a3b5d7",23.9,52,"RH","Oui",29,"entre 20 et 25 ans","CDI",35,3797.7333,24,0,0,3835.950633,3835.9506329999995,"3500 à 4500","F","Inconnu",1,"50 à 60 ans",1,0
"796fab3c26bb3e003e20533e874db95c96b40258",21.2,49,"RH","Non",47,"entre 20 et 25 ans","CDI",24,2735.2,27,0,1,2762.8219999999997,4029.115416666666,"2500 à 3500","H","Célibataire",0,"Plus de 60 ans",0,1
"f3cc021b62932a45b6c40f423d14aa77d630a4ea",10.8,44,"Marketing","Oui",73,"entre 10 et 15 ans","CDI",35,4763.85,7,1,0,4811.5585,4811.5585,"4500 à 5500","F","Marié",2,"40 à 50 ans",1,0
"70bbdf19be9fddbd699c66bad8c3afc5e475129f",23.3,60,"R&D","Oui",54,"entre 20 et 25 ans","CDI",35,7654.6167,5,1,1,7731.212866999999,7731.212866999999,"7500 à 8500","H","Marié",3,"40 à 50 ans",0,1
"964bf57db188eba6923f5f99c8a8489925db8f74",10.6,18,"Commercial","Non",84,"entre 10 et 15 ans","CDI",35,8828.5167,17,0,1,8916.971867,8916.971867,"8500 à 9500","F","Célibataire",3,"30 à 40 ans",1,0
"80211803e0ebc058d7221bd03ba5789001ca1b74",3.5,61,"Compta Finances","Non",44,"entre 2 et 5 ans","CDI",35,2008.0667,35,0,0,2028.4973670000002,2028.4973670000002,"1500 à 2500","F","Inconnu",1,"30 à 40 ans",1,0
"382e1cb1f06598ff1a0585738ef876029e513d5f",4.8,33,"Compta Finances","Non",14,"entre 2 et 5 ans","CDI",35,4198.1333,34,1,1,4240.454633,4240.454633,"3500 à 4500","F","Inconnu",2,"30 à 40 ans",1,0
"2eced13cc4602cd4ffe4a6546357929232664b18",24.7,53,"Commercial","Non",61,"entre 20 et 25 ans","CDI",35,3800.7667,9,1,1,3838.864367,3838.864367,"3500 à 4500","F","Marié",3,"Plus de 60 ans",1,0
"a151106f229a9942746f54d58c3f14836b2d9afa",5.5,46,"Compta Finances","Non",31,"entre 5 et 10 ans","CDI",35,1979.25,6,1,1,1999.1025,1999.1024999999997,"1500 à 2500","H","Célibataire",2,"40 à 50 ans",0,1
"d55cd152c210981a57ab11b862b871407675b12c",24.2,9,"Commercial","Oui",86,"entre 20 et 25 ans","CDI",35,2828.5833,21,0,0,2857.0791329999997,2857.0791329999997,"2500 à 3500","H","Célibataire",3,"50 à 60 ans",0,1
"b8fa31fdfe8a091144e15a2b932b1493a0b01803",23.3,48,"R&D","Oui",57,"entre 20 et 25 ans","CDI",24,6178.64,17,0,0,6240.5964,9100.86975,"5500 à 6500","H","Inconnu",2,"50 à 60 ans",0,1
"4ba3eb61e40ea4feacca36ef87215742c0d1ddd9",22.7,59,"Compta Finances","Oui",6,"entre 20 et 25 ans","CDI",32,6743.36,4,0,0,6810.8336,7449.34925,"6500 à 7500","F","Marié",3,"40 à 50 ans",1,0
"bd284fe7765279e4538428e91d03685cf8948c15",9.9,45,"Commercial","Oui",1,"entre 5 et 10 ans","CDI",24,4882.8,17,1,1,4931.798,7192.205416666667,"4500 à 5500","F","Marié",0,"50 à 60 ans",1,0
"e1b83b3722f4d15197e56ac6abbd85ab35a831f9",21.1,22,"Commercial","Non",15,"entre 20 et 25 ans","CDI",35,5805.8,37,0,0,5864.228,5864.228,"5500 à 6500","H","Marié",3,"40 à 50 ans",0,1
"84dc5034651ddc62ae39aee1dfecf95bbb14004b",13.9,50,"Commercial","Oui",15,"entre 10 et 15 ans","CDI",35,9555,20,1,0,9650.75,9650.75,"Plus de 9500","F","Inconnu",1,"40 à 50 ans",1,0
"f12d8f378de070c36c9d58618802f428cf8e62dd",3.8,53,"Commercial","Non",58,"entre 2 et 5 ans","CDI",35,2070.25,34,0,0,2091.2925,2091.2925,"1500 à 2500","F","Inconnu",1,"Plus de 60 ans",1,0
"21c267708e62a5d646e1d6d71e47dafffc8a0c3b",15.1,34,"RH","Non",55,"entre 15 et 20 ans","CDI",35,5067.1833,39,1,0,5118.245132999999,5118.245132999999,"4500 à 5500","F","Célibataire",0,"50 à 60 ans",1,0
"d171402501bdb54b0832c1270b8376f03d4e64e1",14.3,31,"Commercial","Oui",31,"entre 10 et 15 ans","CDI",35,7713.7667,23,1,0,7791.134367000001,7791.134367000001,"7500 à 8500","H","Marié",3,"50 à 60 ans",0,1
"466f4ce4b5133c3f5f971264f023347988580936",22.6,43,"R&D","Non",41,"entre 20 et 25 ans","CDI",24,4165.2,12,0,1,4206.972,6135.1675,"3500 à 4500","H","Marié",2,"Plus de 60 ans",0,1
"014267c0bd398a9021234bc574d4fba59948cbe1",17.3,69,"RH","Non",47,"entre 15 et 20 ans","CDI",35,7687.9833,9,0,0,7764.953133,7764.953132999999,"7500 à 8500","F","Marié",0,"50 à 60 ans",1,0
"24f8cc2bdaf0f5b406655d5167d765773fec5e87",9.3,57,"Compta Finances","Oui",4,"entre 5 et 10 ans","CDI",35,4204.2,39,1,1,4246.632,4246.632,"3500 à 4500","F","Célibataire",0,"50 à 60 ans",1,0
"8cc87a4d3631aee4bd28e94c6d296adf43d00b44",14.9,6,"Commercial","Non",52,"entre 10 et 15 ans","CDI",35,9488.2667,38,1,1,9583.529367000001,9583.529367000001,"Plus de 9500","H","Inconnu",0,"50 à 60 ans",0,1
"0a28ac2bd1355ad7869355ef61715c9a75a68725",19.3,41,"Marketing","Oui",69,"entre 15 et 20 ans","CDI",35,3655.1667,33,0,1,3692.0483670000003,3692.0483670000003,"3500 à 4500","H","Inconnu",1,"Plus de 60 ans",0,1
"b06bd05fc6033833c006685b2e6c1a1068fb5ba6",1.8,59,"Consultant","Non",59,"moins de 2 ans","CDD",35,2558.6167,22,0.5186721991701245,0.5186721991701245,2584.422867,2584.422867,"2500 à 3500","H","Marié",2,"40 à 50 ans",0,1
"3ec67f48c3785cd87ce6cb6d4aeed7349f57ce00",7.2,59,"Consultant","Oui",72,"entre 5 et 10 ans","CDI",35,6413.9833,24,1,0,6478.363133,6478.363133,"5500 à 6500","F","Inconnu",3,"50 à 60 ans",1,0
"af60a5261fe057294d0c8e6353c25ef71aeb72de",5.7,24,"Consultant","Non",87,"entre 5 et 10 ans","CDI",35,1703.2167,39,1,0,1720.638867,1720.638867,"1500 à 2500","F","Inconnu",3,"50 à 60 ans",1,0
"90a3b6ccb889761b5cea7a2fe84647947a2c2fd4",6.6,58,"Consultant","Non",92,"entre 5 et 10 ans","CDI",35,2027.7833,19,0,1,2048.251133,2048.251133,"1500 à 2500","F","Célibataire",1,"40 à 50 ans",1,0
"41011cae732fd12f8014602665bb818ea28ff793",13.8,68,"Marketing","Non",59,"entre 10 et 15 ans","CDI",35,7637.9333,27,0,0,7714.582633,7714.582633,"7500 à 8500","H","Marié",3,"40 à 50 ans",0,1
"897e9ea2c8b266a803213bffe64233266da611b0",7.9,28,"R&D","Oui",77,"entre 5 et 10 ans","CDI",35,9573.2,5,1,0,9668.982,9668.982,"Plus de 9500","H","Marié",2,"50 à 60 ans",0,1
"af57a8d4b9d794495881689763e6ad21cc3ad2cf",5.5,67,"Compta Finances","Non",66,"entre 5 et 10 ans","CDI",35,7185.9667,7,1,1,7257.896367,7257.896367,"6500 à 7500","H","Inconnu",2,"Plus de 60 ans",0,1
"5b63aaa54f928fce1552a1cbe21c808038421591",4.4,43,"RH","Non",20,"entre 2 et 5 ans","CDI",35,5076.2833,33,0,0,5127.376133,5127.376133,"4500 à 5500","F","Marié",0,"50 à 60 ans",1,0
"a5385693c1e5acbf34377f9efdfc923bbe6e038a",14,44,"Marketing","Non",40,"entre 10 et 15 ans","CDI",35,1598.5667,18,0,1,1614.732367,1614.732367,"1500 à 2500","F","Marié",1,"30 à 40 ans",1,0
"2ff1a39d72f7aaa223bfc45c6a9f1ad545a943e5",4.2,39,"R&D","Oui",32,"entre 2 et 5 ans","CDI",35,5212.7833,11,0,0,5265.021133,5265.021133,"4500 à 5500","H","Inconnu",0,"50 à 60 ans",0,1
"979192936941a229108bc9fe41a8d9c4c8256420",15.8,68,"Compta Finances","Oui",25,"entre 15 et 20 ans","CDI",35,8655.6167,26,1,0,8742.432867000001,8742.432867000001,"8500 à 9500","F","Marié",0,"40 à 50 ans",1,0
"0aa721d03dbe7d8ebe3c784b79854ff1a9853e36",7.2,28,"Consultant","Oui",13,"entre 5 et 10 ans","CDI",35,3891.7667,32,0,0,3931.004367,3931.004367,"3500 à 4500","H","Inconnu",2,"Plus de 60 ans",0,1
"8f714186fefa5cf7b5aef9228bf57479b09ca3b9",6.7,20,"Marketing","Oui",69,"entre 5 et 10 ans","CDI",35,9218.3,4,0,0,9310.523,9310.523,"8500 à 9500","F","Célibataire",1,"40 à 50 ans",1,0
"d60379b9d09b93b1b69bfda6d4187c9866346bf5",8.2,3,"Commercial","Non",63,"entre 5 et 10 ans","CDI",35,2309.8833,23,0,0,2333.212133,2333.212133,"1500 à 2500","F","Célibataire",3,"50 à 60 ans",1,0
"2b5f220f01d1e69d5a566da3a04b0fba07f47e3c",19,13,"RH","Non",3,"entre 15 et 20 ans","CDI",35,9642.9667,17,0,0,9739.566367000001,9739.566367000001,"Plus de 9500","H","Célibataire",0,"Plus de 60 ans",0,1
"cf843b9ea3cc8c20242fc17af26d47919d6ca20b",6.4,68,"RH","Oui",32,"entre 5 et 10 ans","CDI",35,9635.3833,19,1,0,9731.927133,9731.927133,"Plus de 9500","H","Célibataire",2,"40 à 50 ans",0,1
"a22822f5eed4df54feaad489db7617a0dc5cedd1",24.8,44,"Compta Finances","Oui",47,"entre 20 et 25 ans","CDI",24,3853.2,9,1,1,3891.8219999999997,5675.57375,"3500 à 4500","F","Marié",1,"50 à 60 ans",1,0
"c0b4465480a62042271f679945e3179af35cf529",8.1,59,"Compta Finances","Non",93,"entre 5 et 10 ans","CDI",35,4013.1,12,0,1,4053.351,4053.351,"3500 à 4500","F","Inconnu",0,"40 à 50 ans",1,0
"e21448e7adaecdf8ea0f41894c9c724e22dbaaf5",19.1,50,"Consultant","Oui",99,"entre 15 et 20 ans","CDI",35,6973.6333,31,0,1,7043.679633000001,7043.679633000001,"6500 à 7500","H","Marié",0,"50 à 60 ans",0,1
"dfdab000131b239921a57949bd7e9ab8e106b59d",14.2,4,"Consultant","Oui",42,"entre 10 et 15 ans","CDI",35,2024.75,4,1,0,2045.0375,2045.0375,"1500 à 2500","H","Célibataire",0,"50 à 60 ans",0,1
"a4d784fa53a7d9afe452123e34dc5f8cb5bda60d",7,29,"Consultant","Non",68,"entre 5 et 10 ans","CDI",35,6398.8167,11,1,0,6462.914867,6462.914867,"5500 à 6500","H","Inconnu",0,"50 à 60 ans",0,1
"a4ff545eddb874e5e5524a3efdf16ed97387bb7b",24.2,62,"Consultant","Oui",60,"entre 20 et 25 ans","CDI",35,4000.9667,40,1,1,4041.376367,4041.376367,"3500 à 4500","H","Inconnu",0,"40 à 50 ans",0,1
"92a93ad90818b04aa13b335335fa207910c56a31",16.9,65,"Consultant","Oui",36,"entre 15 et 20 ans","CDI",35,6043.9167,3,1,1,6104.385867,6104.385867,"5500 à 6500","H","Célibataire",2,"40 à 50 ans",0,1
"71a0d0226e971f9c3ad1d368fcc1bcab4c8ee214",21.2,44,"Consultant","Non",89,"entre 20 et 25 ans","CDI",35,2918.0667,39,1,1,2947.637367,2947.637367,"2500 à 3500","H","Célibataire",0,"50 à 60 ans",0,1
"d82da3b62139d9d76e99f3ff8ffcadc2d1ea7bb5",19.2,35,"Commercial","Oui",74,"entre 15 et 20 ans","CDI",35,6031.7833,39,1,0,6092.491133,6092.491133,"5500 à 6500","H","Célibataire",2,"50 à 60 ans",0,1
"b58e10b6d1a05442fe2f848a48e40cc6dd0cd208",17.4,41,"Consultant","Oui",68,"entre 15 et 20 ans","CDI",35,2561.65,13,0,0,2587.3965000000003,2587.3965000000003,"2500 à 3500","H","Marié",0,"40 à 50 ans",0,1
"f099cd92157ec1301b1361bb2107933e5e1f119d",16.2,47,"RH","Oui",98,"entre 15 et 20 ans","CDI",24,2507.44,18,1,1,2532.6944,3693.512666666666,"2500 à 3500","F","Inconnu",2,"50 à 60 ans",1,0
"de1b7b55b0e5dbcbad63e885a6aa8f394380cdbc",3.4,42,"Consultant","Oui",60,"entre 2 et 5 ans","CDI",35,2675.4,20,1,0,2702.3540000000003,2702.3540000000003,"2500 à 3500","H","Inconnu",0,"50 à 60 ans",0,1
"090d877a5b2253d81980f9780e0e00753a67f754",12.5,53,"Compta Finances","Non",55,"entre 10 et 15 ans","CDI",35,7601.5333,19,1,1,7677.738633,7677.738632999999,"7500 à 8500","F","Inconnu",0,"40 à 50 ans",1,0
"9a4e640b2c20a527aca8ab1f0a37f2fd53fe227c",6,12,"R&D","Oui",30,"entre 5 et 10 ans","CDI",35,6494.3667,1,0,0,6559.320366999999,6559.320366999999,"6500 à 7500","H","Inconnu",0,"40 à 50 ans",0,1
"691a29b8ab92383f1751ccd87eb4e4e1014002d3",16.2,19,"RH","Non",15,"entre 15 et 20 ans","CDI",35,3012.1,19,1,1,3042.411,3042.411,"2500 à 3500","F","Célibataire",2,"Plus de 60 ans",1,0
"c0742ea283ac089e3ff226acd26ea48fe70eaba4",14.3,65,"Compta Finances","Non",94,"entre 10 et 15 ans","CDI",35,6127.3333,0,1,0,6188.606633,6188.606633,"5500 à 6500","F","Marié",3,"50 à 60 ans",1,0
"4d5f17f9f4bbf40f79e3c4931fd863bdbe8d05b3",6.2,61,"Consultant","Non",24,"entre 5 et 10 ans","CDI",35,2834.65,15,1,0,2863.1465000000003,2863.1465000000003,"2500 à 3500","H","Célibataire",3,"Plus de 60 ans",0,1
"3c2015e353f7757fa541d1600d35e0fa8912751b",4.6,51,"Commercial","Oui",3,"entre 2 et 5 ans","CDI",35,6212.2667,5,1,0,6274.439367,6274.439367,"5500 à 6500","F","Marié",2,"50 à 60 ans",1,0
"f9a2cf26d057bfa47e5ba4b36c234ee1ca7ef2f2",3,6,"Commercial","Non",41,"entre 2 et 5 ans","CDI",35,6838.65,5,0,0,6907.086499999999,6907.086499999999,"6500 à 7500","F","Célibataire",3,"30 à 40 ans",1,0
"fcdd5b496beec38598e8f06609a950d2d6a3101b",24.7,30,"Consultant","Non",51,"entre 20 et 25 ans","CDI",35,5739.0667,6,1,1,5796.517367,5796.517367,"5500 à 6500","F","Inconnu",1,"50 à 60 ans",1,0
"06eea0622de6b140628107faeb7e5913e52c1df7",16.2,69,"Commercial","Oui",41,"entre 15 et 20 ans","CDI",35,5949.8833,17,1,0,6009.552133,6009.552133,"5500 à 6500","H","Inconnu",3,"30 à 40 ans",0,1
"ed0a3872f6f1780c53ce29fcf6317b3ebb74f356",13.1,19,"Marketing","Oui",89,"entre 10 et 15 ans","CDI",35,8696.5667,34,1,0,8783.872367,8783.872367,"8500 à 9500","H","Marié",3,"Plus de 60 ans",0,1
"fcef81426785e874c582bb1d32201e0c4bfda74c",13.8,63,"Commercial","Oui",81,"entre 10 et 15 ans","CDI",35,9497.3667,17,1,1,9592.510367,9592.510367,"Plus de 9500","F","Inconnu",3,"50 à 60 ans",1,0
"682099dc1aeec5abe20062e54f6ca968f8ae2213",13.8,51,"Commercial","Non",19,"entre 10 et 15 ans","CDI",35,5749.6833,17,0,0,5807.350133,5807.350133,"5500 à 6500","H","Marié",0,"50 à 60 ans",0,1
"f0d92a27ff249018d6e9cb40758dd41e119b71c1",16.5,47,"Compta Finances","Non",53,"entre 15 et 20 ans","CDI",35,7889.7,27,0,1,7968.867,7968.867000000001,"7500 à 8500","F","Célibataire",0,"30 à 40 ans",1,0
"aff67b3e67bd5350cb71792c3664cf215b841c20",10.3,11,"Compta Finances","Oui",44,"entre 10 et 15 ans","CDI",35,3436.7667,27,1,1,3471.404367,3471.404367,"2500 à 3500","H","Marié",0,"40 à 50 ans",0,1
"e2c1339956ba0d6d1486a57eaf3d601f68f385d5",18.6,49,"Compta Finances","Non",100,"entre 15 et 20 ans","CDI",24,5724.16,15,1,1,5781.5516,8431.429416666666,"5500 à 6500","H","Célibataire",3,"40 à 50 ans",0,1
"ffd82857e54f76192e029cd2220aead943f755ed",5.2,5,"RH","Non",62,"entre 5 et 10 ans","CDI",35,8746.6167,19,0,1,8834.272867,8834.272867,"8500 à 9500","F","Célibataire",3,"40 à 50 ans",1,0
"ab8dd8e2c5fa8d58787ec0eb675cd77a06c3c546",7.9,27,"RH","Oui",42,"entre 5 et 10 ans","CDI",35,7148.05,21,1,1,7219.7405,7219.7405,"6500 à 7500","F","Inconnu",1,"40 à 50 ans",1,0
"3d44b9d5c54dbb7787c89568f5aa33f347ae3345",1.1,14,"Consultant","Non",81,"moins de 2 ans","CDD",35,2226.4667,2,0.5186721991701245,0.5186721991701245,2248.751367,2248.751367,"1500 à 2500","F","Inconnu",3,"30 à 40 ans",1,0
"d60224cbf3f41b1d286617942927d2c4c82a10e4",9.9,48,"Marketing","Non",17,"entre 5 et 10 ans","CDI",28,7358.8667,31,1,1,7432.765367,9290.95670875,"6500 à 7500","H","Célibataire",2,"30 à 40 ans",0,1
"6529fcfa9cc973a3699c97521c78cb39e7906332",19.5,30,"RH","Non",73,"entre 15 et 20 ans","CDI",24,3060.72,6,0,1,3091.3871999999997,4508.272999999999,"2500 à 3500","F","Marié",2,"50 à 60 ans",1,0
"c61de200438b9812a5a8ab74ec84ebafba7b0683",10.3,38,"Consultant","Oui",25,"entre 10 et 15 ans","CDI",35,3459.5167,30,0,0,3494.4118670000003,3494.4118670000003,"2500 à 3500","F","Célibataire",1,"Plus de 60 ans",1,0
"0ddd0a834b335a30c6f33b84ce316e057ec65d44",9.1,46,"Consultant","Non",7,"entre 5 et 10 ans","CDI",35,9162.1833,17,1,1,9253.975133,9253.975133,"8500 à 9500","F","Célibataire",3,"50 à 60 ans",1,0
"747e740821a1c78bbce59502c63b2b84dd1b1edd",1.1,31,"Compta Finances","Non",18,"moins de 2 ans","CDD",35,1920.1,17,0.5186721991701245,0.5186721991701245,1939.471,1939.471,"1500 à 2500","F","Marié",3,"30 à 40 ans",1,0
"b0fa810a97874109ddb5421408227983a287dd8f",15.2,62,"Compta Finances","Non",96,"entre 15 et 20 ans","CDI",35,7753.2,21,1,0,7830.942,7830.941999999999,"7500 à 8500","H","Inconnu",2,"40 à 50 ans",0,1
"e5d5a4af633970614a77fe141660919d3bb88888",13.3,17,"Consultant","Non",9,"entre 10 et 15 ans","CDI",28,2813.72,8,1,1,2841.9372,3552.4215,"2500 à 3500","H","Célibataire",3,"Plus de 60 ans",0,1
"bee0d392381569cda886ea89d7552971c6ee8fba",24.1,28,"Marketing","Non",54,"entre 20 et 25 ans","CDI",35,7184.45,37,1,1,7256.6645,7256.6645,"6500 à 7500","H","Inconnu",0,"40 à 50 ans",0,1
"bd71d859f1927f5b4a779727b1a6d211f5e8bff5",20.5,61,"Compta Finances","Oui",70,"entre 20 et 25 ans","CDI",35,2604.1167,32,1,0,2630.477867,2630.477867,"2500 à 3500","H","Marié",0,"Plus de 60 ans",0,1
"081cbdcfd98c16630f96a1632652db4ade43752f",18.6,16,"RH","Non",30,"entre 15 et 20 ans","CDI",35,5293.1667,39,0,1,5346.488367,5346.488367,"4500 à 5500","F","Marié",3,"Plus de 60 ans",1,0
"4329bd46e8389b160a12d8262f326b87ed48e7a9",23.9,70,"Commercial","Oui",38,"entre 20 et 25 ans","CDI",35,6163.7333,16,1,1,6225.530633,6225.530633,"5500 à 6500","F","Célibataire",2,"50 à 60 ans",1,0
"df1b28a4f95218a11ae42d5a00cc44a557d724d9",6.7,7,"RH","Non",35,"entre 5 et 10 ans","CDI",24,4117.36,8,1,1,4158.6136,6064.644833333333,"3500 à 4500","F","Marié",1,"Plus de 60 ans",1,0
"dd4780084de277c258d76d65a21934a6b4c4c0c8",23.8,40,"Consultant","Non",9,"entre 20 et 25 ans","CDI",35,9426.0833,24,1,0,9520.584133,9520.584133,"Plus de 9500","F","Marié",1,"50 à 60 ans",1,0
"99026c6fa769352f51f92edadf29c477090f91f3",23.1,49,"Commercial","Oui",31,"entre 20 et 25 ans","CDI",35,5092.9667,11,1,1,5144.006367,5144.006367,"4500 à 5500","F","Inconnu",0,"40 à 50 ans",1,0
"f2bc930679dd8b064480eff941a09edd0469993d",18.2,23,"Commercial","Oui",54,"entre 15 et 20 ans","CDI",35,8126.3,36,1,0,8207.923,8207.923,"7500 à 8500","F","Inconnu",1,"50 à 60 ans",1,0
"21603bfaba92d6cf151e01c5cce02f8cc0a4583c",6.3,23,"Consultant","Non",69,"entre 5 et 10 ans","CDI",35,9782.5,38,0,1,9880.705,9880.705,"Plus de 9500","F","Célibataire",0,"40 à 50 ans",1,0
"4166b563166ee3c9b84d8bd14f3e94160020b2bd",14.9,36,"Commercial","Non",62,"entre 10 et 15 ans","CDI",35,1590.9833,30,1,0,1607.193133,1607.193133,"1500 à 2500","H","Célibataire",2,"50 à 60 ans",0,1
"7fb5872187fb73373e11874884ea3393b13be2ed",8.6,34,"RH","Oui",84,"entre 5 et 10 ans","CDI",35,7637.9333,21,1,0,7714.522633,7714.522633,"7500 à 8500","F","Inconnu",1,"50 à 60 ans",1,0
"0c14a8d432630b6e60a13a8b7f0bd3c24cee9773",7.9,59,"Consultant","Non",34,"entre 5 et 10 ans","CDI",35,7304.2667,17,1,0,7377.479367,7377.479367,"6500 à 7500","F","Marié",0,"40 à 50 ans",1,0
"671f1d7e72463b960aae17a17d65d61908de35c5",10.2,59,"Compta Finances","Non",60,"entre 10 et 15 ans","CDI",35,8328.0167,14,1,0,8411.436867,8411.436867,"7500 à 8500","F","Célibataire",1,"40 à 50 ans",1,0
"8ec495973d94de880a73fc37d430e61c04331c4a",11.9,65,"RH","Non",59,"entre 10 et 15 ans","CDI",32,8860.8,19,1,1,8949.598,9788.6228125,"8500 à 9500","F","Célibataire",3,"40 à 50 ans",1,0
"3d7d1ff8cd8552768c1bd4ec7ac6c3bcfbc0ee5d",11.8,31,"Commercial","Oui",66,"entre 10 et 15 ans","CDI",24,4974.32,32,0,1,5024.383199999999,7327.2255,"4500 à 5500","F","Célibataire",2,"Plus de 60 ans",1,0
"281d65e0fcf1005751deb8e617899cd927a5c30f",12.6,59,"Marketing","Non",67,"entre 10 et 15 ans","CDI",35,6583.85,13,1,1,6649.8185,6649.8185,"6500 à 7500","F","Inconnu",2,"Plus de 60 ans",1,0
